city,street,postalCode
Burtrask,Mandrake,937 91
Zhangaqorghan,Tennyson,
Ash Shajarah,Charing Cross,
San Juan de Mata,Anthes,6131
Dalgan,Dennis,
Houping,Morrow,
Pshekhskaya,Del Sol,352604
Zhengcun,Sloan,
Yongheshi,Glendale,
Encantado,2nd,95960-000
Qingsong,East,
Lis,Mcguire,
Hangou,Huxley,
Tadjoura,Prairieview,
Bizhbulyak,Menomonie,452040
Hexi,Blackbird,
Shuibian,Harper,
Cruz,Bunker Hill,4775-114
Abengourou,Summit,
Porto Martins,Bluestem,9760-099
Fazana,South,52212
Luxi,Bultman,
Xiaoxiang,Scofield,
Sovetskoye,Macpherson,359120
Wadī Rahhal,Commercial,
Jintan,Gerald,
Zasova,Arrowood,756 51
Sibinal,Rigney,12008
Bonoua,Blue Bill Park,
Villeneuve-lès-Avignon,Fallview,30404 CEDEX
Kaiaf,Londonderry,
Rochester,Fair Oaks,14683
Sangojar,Eliot,
Waitenepang,Granby,
Bria,Oak Valley,
Kambia,Green,
Trelleborg,Dwight,231 68
Huangbu,Troy,
Punat,Grim,51521
Kalidawe,Surrey,
Nahariya,Jackson,
San Antonio,Maple,47336
Wiang Chiang Rung,Bartelt,57210
Laslovo,7th,31214
Drawno,Little Fleur,73-220
Selea,Cottonwood,
Pingyang,Beilfuss,
Taoyang,Blackbird,
Tillaberi,Kingsford,
Burgkirchen,Lakewood,5271
Mpophomeni,6th,7780
Valday,Heffernan,175419
Shiyang,Columbus,
ano Syros,Fallview,
Slawa,Merrick,67-410
Le Mans,Clove,72052 CEDEX 2
Balung Barat,Coolidge,
Yantang,Bultman,
Neochori,Kim,
Kavar,Clarendon,
Hofu,Merry,747-1111
JacaraU,Bayside,58278-000
Anka,Packers,
Karanganyar,7th,
Qiman,Hanson,
Mitry-Mory,Waxwing,77294 CEDEX
Bahui,Messerschmidt,
Fangshan,Maple,
Ancenis,Ronald Regan,44159 CEDEX
Rawson,Harbort,9103
Tanghu,1st,
Limbaan,Dixon,8104
Hujiaba,Brown,
Charenton-le-Pont,Fairfield,94675 CEDEX
Bayan Tuohai,Laurel,
Lancang,Melby,
Rojas,Granby,5246
Kuching,Raven,93916
Oslo,Texas,0789
Haysyn,Fordem,
Anfusi,Pond,
Hanshou,Jay,
Wojnicz,Union,32-830
Changzheng,Randy,
Kalabahi,Mendota,
Villa La Angostura,Sundown,8407
Hanover,Ilene,N4N
Puteaux,Merrick,92804 CEDEX
Bayan Uula Sumu,Banding,
Lofos,Dwight,
Dakhla,Lyons,
Ngkiong,Doe Crossing,
Cartagena,Debra,130027
Atalaia,Merrick,87630-000
Coronel Vivida,Hollow Ridge,85550-000
Giebultow,2nd,32-087
Osekovo,Mallory,44317
Barbacena,Truax,36200-000
Xinghua,Morningstar,
Sungaikupang,Emmet,
Yangji,Mallory,
Bilao,Gale,5806
Maripa,Susan,
Kebonkalapa,Miller,
Brzozow,Vernon,36-200
Slyudyanka,Ramsey,665911
Panjir,Manley,
Bandarlampung,Mockingbird,
Staryy Krym,Kenwood,
Mojo,Westend,
Xindu,Fair Oaks,
Ciudad Sandino,Hintze,
Warah,Schiller,77041
Poitiers,Garrison,86042 CEDEX 9
Karipidita,Huxley,
Jiguan,Scofield,
Kloczew,Dwight,08-550
Port-Gentil,Mccormick,
Muramatsu,Bluejay,441-3603
Neochorion,Village,
Wanrongjiang,Scoville,
Tlutup,Cambridge,
Kudus,Sunbrook,
Orhei,Laurel,MD-3547
Babirik,Vernon,
Kabin Buri,Southridge,25110
Zafar,Kinsman,
Zhongshanlu,Charing Cross,
agios Vasileios,Dakota,
Isla,Bobwhite,4337
Bairan,Carioca,4511
Kura,Carpenter,
Sigetec,Center,48321
Ustrzyki Dolne,Pepper Wood,38-700
Tours,Ludington,37922 CEDEX 9
Balas,Haas,2007
Cabra Figa,Bayside,2635-121
Tuchow,Gulseth,33-170
Jackson,Roxbury,39204
Lizhai,Rieder,
Itaborai,Mitchell,24800-000
Legok,Troy,
Raposos,Thackeray,34400-000
El Perico,Union,
Erjia,Cherokee,
Bollnas,Declaration,821 80
Fort Wayne,Barnett,46862
Pefki,South,
Soroti,Pearson,
Kenscoff,Acker,
Taiping,Arapahoe,
Oekefan,Bunker Hill,
Huangkeng,Milwaukee,
Granja,Randy,4690-711
Otutara,Grim,
Drammen,Forster,3037
Manjing,Katie,
Yumendong,Homewood,
Santo Antônio do Amparo,Sullivan,37262-000
Dukuhsawah,Marquette,
Port-aux-Français,Tennessee,
Kuanping,Dexter,
Barretos,Marcy,14780-000
Tiyuguan,Myrtle,
Sobral da Abelheira,Pankratz,2640-616
Rybie,Troy,05-850
Kuytun,Aberg,665302
Seixezelo,Harper,4415-928
Huoxian,Bartelt,
Myronivka,Artisan,
Dolinsk,Pankratz,102745
Mapiri,Esch,
Bandaragung,Dryden,
Tizguine,Nova,
Đà Bắc,Schlimgen,
Zhongdong,Everett,
Tashi,Farwell,
Klagen,Cody,
Pasadena,Vermont,91199
Krajan,Haas,
Labin,Stoughton,52220
Gostovići,Twin Pines,
Hidalgo,Maple,26060
Ciburial,Barby,
Nikhom Kham Soi,Heath,49130
Nalus,Mitchell,9514
Colegiales,Del Sol,1871
Nice,Dakota,06293 CEDEX 3
Stepojevac,Arkansas,
Chaihu,Oriole,
Arcena,Killdeer,2615-221
Adiake,Mallard,
Kuleqi,Surrey,
Hrvace,Drewry,21233
Florencio Varela,Rutledge,1888
Madona,Di Loreto,
Sambilawang,Park Meadow,
Aykhal,Portage,623506
Pongol,Duke,8706
Sabanalarga,Fisk,855058
Dongxi,Golden Leaf,
Markova,Moose,
Barayong,3rd,4500
Trpinja,Corben,32224
Minle,Green,
Văn Điển,Trailsway,
Dallas,Towne,75372
Torres Novas,Porter,2350-413
Farranacoush,Aberg,P81
Wahawaha,Dahle,
Zhigulevsk,Roth,445359
Karanggintung,Boyd,
Vysokovsk,Dennis,141650
Bang Bon,Pepper Wood,10150
Pinggang,Sachs,
Matango,Blackbird,
Ballybofey,Marcy,V23
Mbinga,Fremont,
laziska Gorne,Prentice,43-173
Lyasny,Jay,
Gornyak,Blackbird,658424
Junzhuang,Saint Paul,
Nacka,Warrior,131 22
Biga,Evergreen,7031
Dzhalka,Burrows,366216
Karabash,Vidon,423229
Smarde,Arrowood,
Mandi Bahauddīn,Del Mar,50470
Cartago,Ruskin,30703
Mangaran,Sage,
Manicahan,Beilfuss,6503
Al Mahjal,Logan,
Iguatu,8th,85423-000
Putrajaya,Merrick,62692
Amuru,Eggendart,
Mentaraman Satu,Clarendon,
Nobo,Eagle Crest,
Gorelki,Corscot,301536
As Salimīyah,Fordem,
CabreUva,Crescent Oaks,13315-000
Besançon,Starling,25035 CEDEX
Tranås,Hagan,573 36
Itajuba,Oxford,37500-000
Melita,Dexter,M5L
Tromsø,Mariners Cove,9270
Xinyuan,Melvin,
Venda,Pond,4715-529
Liujiage,Talisman,
Polanka Wielka,Waubesa,32-607
Zhanbei,Debs,
Fovissste,Pine View,85936
Razvanje,Park Meadow,2313
Mogocha,Utah,673732
Hrazdan,Arizona,
Taiping,Thompson,
Yixing,Hintze,
Monção,Havey,4950-416
Wulijie,Pawling,
Matsue-shi,Ilene,690-1115
Tytuvėnėliai,Spohn,86061
Thomassique,Kedzie,
Schroeder,Monument,89275-000
Yuezhao,Judy,
Chabu,Orin,
Bourges,Fair Oaks,18013 CEDEX
Wangjiang,Cambridge,
Rikitgaib,Hoard,
Trafaria,Dryden,2825-843
Naji,John Wall,
Nanterre,Becker,92004 CEDEX
Trat,Village,54150
Kallinge,Ilene,372 53
Jinshan,Sherman,
Iwase,Morrow,948-0212
Ponta Grossa,Stuart,84000-000
Vol’sk,Fair Oaks,413824
Sumber,Shopko,
Ccatca,Kensington,
Vygonichi,Tennyson,243371
Mandal,Grim,
Taohua,Lerdahl,
Lyeskawka,Leroy,
Liushikou,Anniversary,
Tangxia,Walton,
Muarasiau,Butterfield,
Aranhas,Burrows,6090-215
Dasol,Caliangt,2411
Radès,Waywood,
Port Glaud,Tennyson,
København,Anthes,1260
Hyżne,4th,36-067
Perpignan,Village,66921 CEDEX
Ganzhou,Buell,
Murillo,Everett,731067
San Isidro,Susan,60284
Tatarsk,Fremont,632147
Breves,Forster,68800-000
Mikro Monastiri,Helena,
Khorugh,New Castle,
Balīla,Delaware,
Quinta do Sobrado,Annamark,2440-176
Javhlant,Meadow Vale,
Qingxi,Derek,
Nancy,Lakeland,54076 CEDEX
Wiset Chaichan,Pond,84280
Jiangfeng,Carpenter,
Koski Tl,Nancy,31501
Maun,Ridgeway,
Jianjiang,Fremont,
Marne-la-Vallee,Spaight,77708 CEDEX 4
Lainqu,Eagle Crest,
Elverum,Banding,2418
Botao,Dahle,2422
Huanggu,Burrows,
Santo Niño,Tennessee,6711
Kalymnos,Comanche,
Xarrë,Little Fleur,
Uurainen,Granby,41231
Bluefields,Gale,
Pasatan,Harbort,
Ресен,Twin Pines,7320
Jam,Jenna,
São João del Rei,Cody,36300-000
Wensu,Daystar,
Burujul,Carpenter,
Bystra,Pawling,34-382
Kangar,Loomis,01540
Lameira,Laurel,4990-670
Thị Trấn Tủa Chùa,Gale,
Grygov,Farragut,783 73
Dawung,Almo,
Taounate,Waxwing,
Shalushka,Claremont,361424
Limmared,Northridge,514 42
Fenghuang,Green Ridge,
Dolores,Talmadge,6817
Benavila,Helena,7480-205
La Rioja,Sherman,5300
Porto Seguro,Di Loreto,45810-000
Passos,8th,37900-000
Xuanhua,Columbus,
Hutang,Northwestern,
Hoi,Straubel,
Söderköping,Gina,614 31
Meilisi,Nobel,
Bang Rakam,David,65140
Velasco Ibarra,Luster,
Congkar,Oak Valley,
Palana,Boyd,688000
Jaru,Blackbird,78940-000
Château-Richer,Mendota,B3H
Potiskum,Thompson,
Al Jahra’,Mayer,
Bunog,Maryland,4801
Datong,Grim,
Char Bhadrasan,Continental,7933
Dubti,Manley,
Mosetse,Almo,
Hongxi,Karstens,
Zambujeira,Chinook,2530-327
Lyubinskiy,Arkansas,646160
Adzope,Rieder,
Bhisho,Spaight,3837
Hpa-an,Esker,
Vykhino-Zhulebino,Harbort,140454
Caieiras,Myrtle,07700-000
Roanne,Hansons,42335 CEDEX
Sumbergayam,Florence,
Mucurapo,Kensington,
Buluangan,Red Cloud,1479
Houston,Marcy,77075
Chaihu,Twin Pines,
Shalushka,Melvin,361424
Dzorastan,Summerview,
San Miguel,Thackeray,8301
Belgorod,Arizona,309271
Vyshniy Volochëk,Pawling,601803
Shklo,Orin,
Cortes,Graceland,6341
Ma’ao,Fuller,
Foluo,Utah,
Funan Chengguanzhen,Goodland,
Tiling,Mendota,1112
Da’anshan,Moose,
Otrado-Kubanskoye,Dapin,352189
Nyapar,Summit,
Yangxi,Hanover,
São Julião do Tojal,Westerfield,2660-363
Namangan,Coolidge,
Lazaro Cardenas,Kedzie,22510
Yoichi,Pawling,420-0949
Kalijeruk,Westridge,
Paizhou,7th,
Djibouti,Rieder,
Ventersdorp,Porter,2712
Huolianpo,Gale,
Tawangrejo,Tennessee,
Xincheng Chengguanzhen,Mayfield,
Bhatpara Abhaynagar,Maywood,7461
Jinshanzui,Dryden,
Hedi,Hanson,
Arcueil,Monica,94114 CEDEX
Dallas,Spaight,75260
Sindangjati,Warner,
Yanjiang,Farragut,
Georgiyevsk,Atwood,357834
Karlskoga,Arkansas,691 41
Palangue,Farmco,4110
Svalöv,Hallows,268 90
Lexington,Dexter,40524
Pawili,Daystar,4430
Palhoça,Killdeer,88130-000
Dongqiao,Londonderry,
Helong,Bartelt,
Coroico,Acker,
Hafrsfjord,Ridge Oak,4089
Merton,Mosinee,SW19
Eirunepe,Derek,69880-000
Jomda,Steensland,
Psygansu,Larry,361326
Galatsi,Melrose,
Fredericton,Buell,E3G
Masalovka,Tennyson,347837
Cigedang,Talisman,
Asempapan,Lakeland,
Weicheng,Roth,
Protvino,Tomscot,142281
Huangge,Merchant,
Holguin,Esch,
Peseng,Farragut,
Longwantun,Nova,
Babice,Hovde,37-754
Zagnitkiv,Golden Leaf,
Bauta,Northport,
Keboireng,Dawn,
Xifangcheng,Farwell,
Huomachong,Novick,
Geshan,Crowley,
Kolsko,Green,67-415
Ligang,Ohio,
Barru,Tennyson,
Basiao,Dunning,5806
Mizoch,Hanover,
Bangkok,Goodland,11130
Ul,Almo,3720-583
Peñaflor,Pawling,
Zhengwan,Bluestem,
Qukuhu,Northwestern,
Североморск-3,Harbort,184606
Valsamata,Loomis,
Barroso,Shelley,36212-000
Luofang,David,
Angoulême,Brown,16015 CEDEX
Gubukjero Timuk,Express,
Ostrorog,Carioca,02-072
Hrob,Drewry,417 04
Sukamaju,Montana,
Dzialdowo,Sutherland,13-210
Kikinda,Meadow Vale,
Fuxing,Straubel,
Aku,Delladonna,
Karanglincak,Main,
El Paso,Maple Wood,88514
Pasirlaja,Di Loreto,
Pyatigorsk,Bluejay,357560
Binubusan,Pine View,2818
Debark’,Grayhawk,
Obernai,Debra,67214 CEDEX
Anggana,Westridge,
Pamplona,Coleman,543058
San Isidro,Shasta,60284
Troitsk,Summer Ridge,428902
Cholargos,Steensland,
Great Neck,Glacier Hill,11024
Mniszkow,Harper,26-341
Young America,Clarendon,55564
Akron,Buena Vista,44315
Borlange,Tennessee,781 87
Saint-Lô,Kim,50009 CEDEX
Penanggapan,Towne,
Colonia Wanda,Columbus,3376
Nikolayevsk,Gateway,357323
Vannes,Westport,56019 CEDEX
Heralec,Holy Cross,592 01
Nasielsk,Dottie,05-191
Jutai,Atwood,69660-000
Rio Bueno,Burrows,
Jovim,Almo,4510-005
Shangjia,Blue Bill Park,
Meitang,Vernon,
Otlja,Anniversary,1315
Franco da Rocha,Boyd,07800-000
Rio de Moinhos,John Wall,7150-366
Nancang,Fairview,
Porlamar,Cody,
Beizhuang,Straubel,
Palena,Marquette,
Xuebu,Meadow Valley,
El Carmen de Bolivar,Northland,132059
Wutan,Artisan,
Lipahan,Pepper Wood,6225
San Fernando,Butterfield,8711
Babakanloa,Artisan,
Meiqi,Loomis,
Ceara Mirim,Warner,59570-000
Maco,Lunder,8114
Abbottabad,Dorton,22501
Mocajuba,Merry,68420-000
Vasterås,Redwing,723 35
Pegões,Mifflin,2985-209
Koffiefontein,Brickson Park,9987
Hagerstown,Holmberg,21747
Saint-Maurice,Knutson,94414 CEDEX
Pionerskiy,Carioca,238590
Tamisan,Declaration,6709
Pejek,Moulton,
Borbon,7th,6008
Desa Wetan Ciakar,Beilfuss,
Maoping,Park Meadow,
ChinU,Marquette,232059
Huanuni,Esker,
Tsibulev,Southridge,
Granada,Kennedy,
Cikadondongdesa,Magdeline,
Puma,Duke,
Dublin,Fulton,D04
Khlong Luang,Northwestern,12120
Yaring,Sutherland,94150
Klapagading,Graceland,
Smilavichy,Village Green,
Dongjingcheng,Sommers,
Tapakrejo,Surrey,
Xinmen,Shasta,
Henghe,Monterey,
Tlatah,Lien,
Paris 08,Dapin,75374 CEDEX 08
Eling,Fremont,
Jiulong,East,
Chatou,Village Green,
Ban Nahin,Texas,
Duang,Pawling,
salovci,Stang,9204
Matviyivka,Marquette,
Maceo,Drewry,053467
Minakuchi,Thackeray,949-1738
Susunan,Glacier Hill,
Opočno,Ruskin,517 73
Narvacan,Thierer,2704
Pangian,Johnson,4204
Fahraj,Esch,
Zhongxing,Blue Bill Park,
Mubende,Buell,
Simpang,Mccormick,
Kujang,Warner,
Lugui,Westport,4612
Vanves,Loeprich,92174 CEDEX
Dongbang,Arapahoe,
Kadugannawa,Warbler,20300
Dongxiang,Center,
Na Wa,Pearson,48180
Ertai,Kingsford,
Osiek,Ohio,87-340
Kuala Lumpur,Fieldstone,55908
Mombok,Mayer,
Xinbao,Milwaukee,
Hyesan-dong,American Ash,
Independence,Valley Edge,64054
Huayuanli,Hallows,
Pasirsongket Dua,Dapin,
Orlovskiy,Vernon,687520
Machang,Fairview,
Goght’,Maple Wood,
Nikhom Phattana,Rockefeller,46240
Bafoussam,Bellgrove,
Nova Role,Tomscot,362 25
Dubki,Corben,368117
Baleber,Kipling,
Washington,Towne,20436
Tangchijie,Sherman,
Kukulu,Shopko,
Shoushan,Dakota,
Crniliste,Jenifer,7505
Gunungangka,Oxford,
Zhaojia,Forest,
Geshan,Forest Run,
Lenningen,Messerschmidt,L-5431
Bua Yai,Mockingbird,30120
Charqueadas,Dottie,96745-000
Kholm,Anderson,188732
Grujugan,South,
San Ignacio de Tupile,Northport,
Hushan,Bashford,
Huangzhou,Meadow Valley,
Brody,Derek,68-343
Jiekeng,Holy Cross,
Tongjiang,Sutteridge,
Kuntong,High Crossing,
Mölndal,Hintze,431 25
Masape,Bartillon,
Limon,Canary,70101
Takahagi,Dwight,350-1213
Sapporo,Artisan,758-0612
Hamburg,Melvin,20249
Hepo,Beilfuss,
Mingguang,Crescent Oaks,
Besuki,Sheridan,
Mochumi,Fisk,
Alupay,Melvin,3201
Buga,Logan,
Mugango,Haas,
Huyang,Cordelia,
Nagoya-shi,Loeprich,486-0969
Ranao,Bobwhite,3526
Sainte-Anne-de-Bellevue,Quincy,H9X
Haibeitou,Blaine,
Mashah,Toban,
Hanting,Lillian,
Xushuguan,Aberg,
Honoria,Burning Wood,
Nirji,Scofield,
Bello,Starling,051059
Türkmenbaşy,Farwell,
Xiagang,Valley Edge,
Donghai,Golf Course,
Bualu,Independence,
Zhirnovsk,Hauk,403793
San Carlos,Lukken,4186
Kapitanivka,Luster,
Slawharad,Dottie,
Stare Hradistě,Arizona,533 52
Postira,Spohn,21410
Saint-Tite,Forest Dale,G8B
Zhouwang,Bobwhite,
Jistebnik,Rigney,742 82
Liushan,Sugar,
Sentieiras,Badeau,2200-499
Luoting,Fair Oaks,
Hedong,Quincy,
Riangwale,Hoepker,
Montrouge,Lyons,92545 CEDEX
Jeżow,Nancy,95-047
Zhuge,Blue Bill Park,
Novoishimskiy,Nelson,
Galis,Laurel,
Jandaia do Sul,International,86900-000
Copan,Sommers,
Medenine,Corscot,
Anilao,Blue Bill Park,5009
Balad,Cambridge,
Pavlohrad,Farragut,
Likiep,Farmco,96960
Ryazhsk,Sullivan,391964
Wendo,Valley Edge,
Baratã,Tomscot,2725-191
Yauca,Maryland,
Casais,John Wall,3100-806
Twardawa,Anniversary,47-340
Delft,Farragut,2604
Bahawalnagar,Manufacturers,57031
Huiwen,Lerdahl,
Czerwonak,Declaration,62-004
Samara,Bultman,404146
Andorinha,Lakewood Gardens,3025-333
La Victoria,Green Ridge,95603
Hitiaa,Autumn Leaf,
Lavaur,Express,81506 CEDEX
Hekou,Bashford,
Saint Lucia,Fallview,SLZ
Yongheshi,Grover,
Sparti,Derek,
Sorong,Mendota,
Dayr al Ghuşūn,Burning Wood,
San Miguel,Toban,8301
Caherconlish,Dawn,F45
Songjiang,Gale,
Takai,Walton,
Independencia,Reindahl,91891
Xialaba,Corscot,
Opočno,Pawling,517 73
Vitoria-Gasteiz,Gulseth,01010
Phra Yuen,Thompson,40320
Yong’an,Commercial,
Baft,Scoville,
Oceanside,Del Sol,92056
Jīt,Duke,
Ban Chalong,Paget,66110
San Diego,Debra,3609
Junaynat Raslan,Milwaukee,
Garmeh,Luster,
Danzao,Bluejay,
Ketawang,Lake View,
Al hīlah,Portage,
Lianrao,Elka,
Yonggu,Randy,
Kanshan,Monument,
Gao,Nevada,
Changshan,Logan,
Kościelec,Toban,62-604
Yasenskaya,Nobel,353673
Parys,Havey,9585
Tazarine,Morrow,
Linao,Porter,2017
Fatumuti,Stoughton,
Handegate,Delladonna,
Micoud,Northview,
Xukou,Waywood,
Mertani,School,
Tinabogan,Meadow Ridge,
Sukaratu,Prairieview,
Tembang,Holy Cross,
Dawung,Kingsford,
Betim,Fulton,32500-000
Fasito‘outa,Drewry,
Digne-les-Bains,Ramsey,04004 CEDEX
København,Hoffman,1058
Tanahwangko,Kinsman,
Qidi,Kipling,
Constantia,1st,7806
Pisečna,Beilfuss,790 82
Chengjiao,Commercial,
Capacmarca,Dwight,
Arras,Lakewood,62025 CEDEX
Qal‘ah-ye Kūf,Clove,
Lipnica Wielka,Mifflin,34-483
Shal’skiy,Surrey,186167
Smara,Trailsway,
Javhlant,Tennessee,
Reston,Brentwood,20195
Buenaventura,Darwin,764517
Nay Pyi Taw,Scofield,
Batugede Kulon,Gulseth,
Kista,Carpenter,164 45
Honghuatao,Park Meadow,
Markaz al Marīr,Everett,
Energeticheskiy,Crowley,
Cergy-Pontoise,Ludington,95046 CEDEX 1
Semenivka,Sullivan,
Krusevac,Cascade,
Kristianstad,Becker,291 36
Alvaro Obregon,Clyde Gallagher,29913
Hauhena,Anderson,
Alpedrinha,Messerschmidt,6230-060
Jinping,Lighthouse Bay,
Riofrio,6th,761028
Cristobal,Thierer,11509
Sembung,Transport,
Xiangshui,Declaration,
Biggar,Morningstar,N1S
Wa,Gateway,
Hankasalmi,Quincy,41521
Beisijiazi,Westend,
Arenal,Troy,
Hongxi,Weeping Birch,
Naurskaya,Ridge Oak,366134
Ferme-Neuve,Iowa,V5Y
Owando,Heath,
Kokubu-matsuki,Thackeray,584-0024
Lianfa,Red Cloud,
Três Lagoas,4th,79600-000
Bezenchuk,Pond,446254
Cofimvaba,Erie,5382
Beidao,Quincy,
El Rancho,Main,
Baun,Paget,
Jinan-gun,Dexter,
Baiju,Kim,
Dongzhou,Calypso,
Aroa,3rd,
Kaduluhur,Rowland,
Caen,Canary,14922 CEDEX 9
Baiyun,Dexter,
Ambunti,Mesta,
Muranovo,Southridge,385741
Tabu,Springs,
AviUges,Welch,3505-130
Bayt Yashūţ,Nelson,
Domont,Claremont,95445 CEDEX
Kosonsoy Shahri,Lillian,
Hyltebruk,Bunting,314 32
Chancay,Pepper Wood,
Sel’tso,Thompson,241551
Cashel,Summit,E25
Gushui,Eggendart,
Kafir Yasif,Meadow Ridge,
Bogoria,Dahle,28-210
Rosario del Ingre,Havey,
Mao,Longview,
Muñoz East,Graedel,5407
Xai-Xai,Arkansas,
Ferreiras,Vidon,8200-567
Fontinha,Briar Crest,3060-323
Kamennogorsk,Lake View,188950
La Sabana,Warbler,
Antiparos,Derek,
Corupa,Farmco,89280-000
Belozërsk,Shasta,161200
San Francisco,8th,4655
Czerwieńsk,Oak Valley,66-016
Rejoso,Wayridge,
Huaping,Forest,
Yalkhoy-Mokhk,Atwood,366913
Pavia,Schmedeman,7490-405
Boavista,Columbus,4690-696
Ash Shuhada’,Manitowish,
Leiden,Kenwood,2309
Kuwait City,Paget,
Noeltoko,Sullivan,
Bang Nam Priao,Florence,44130
Nakasongola,Luster,
Urechcha,Colorado,
Silveiros,Gulseth,4775-224
Los Angeles,Twin Pines,90071
Lingqiao,Red Cloud,
Biting,Dayton,
Daejeon,Sherman,
Carnaxide,Jackson,2790-009
Nova Petropolis,Kensington,95150-000
Pavia,Bultman,7490-405
Marseille,Burrows,13232 CEDEX 01
Albina,Roth,
Stockholm,Annamark,103 83
Vřesina,Lunder,747 20
Smara,Merrick,
Akhaltsikhe,Wayridge,
Oslo,Graedel,0712
Kuala Lumpur,International,50923
Heliconia,Buena Vista,055827
As Samawah,Milwaukee,
Banjar Kawan,Maryland,
Xinglongjie,Arapahoe,
Pamarayan,Almo,
Quanyang,Village,
Paulpietersburg,6th,3185
Volodars’k-Volyns’kyy,Garrison,
Limoges,Glacier Hill,87066 CEDEX 2
Fengkou,Merchant,
Dengzishan,Shelley,
Mbanga,Derek,
Kanluran,Warbler,4107
Jiaoba,Harbort,
Mueang Nonthaburi,Onsgard,11120
Yanhe,Petterle,
Vojnić,Butternut,47220
Changmaoling,Hanson,
Habry,Eggendart,582 81
Nacka,Express,131 83
Jiujianfang,Cardinal,
Mafa,Green Ridge,
Konstantinovskoye,Muir,356500
Nueve de Julio,Emmet,3606
Zuenoula,Twin Pines,
Tamanan,Stang,
Zhoujiaba,Lerdahl,
Shatian,Brown,
Skawica,Talisman,34-221
Minapan,Muir,9617
Maardu,Huxley,
Sunbu,Riverside,
Lacombe,Tennessee,T4L
Zhongshan Donglu,Nobel,
Zhuangshi,Muir,
Atafu Village,Lake View,
Liyuan,Upham,
Heemstede,2nd,2104
Chimichagua,Quincy,201058
Nahuo,Rutledge,
Podbuzh,Stuart,
Borovichi,Bunker Hill,174420
Changqi,Leroy,
Jiangqiao,Chinook,
Floda,Declaration,448 92
Beipai,Roth,
Domont,7th,95445 CEDEX
Grazhdanka,Heath,692327
Daja,Donald,
Rokytne,Sachs,
Tokuyama,Erie,526-0212
Guarapuava,Chinook,85000-000
Kabongan Kidul,Ridgeway,
Sut-Khol’,Longview,668150
Lyubech,Longview,
Načeradec,Golden Leaf,257 08
Aizhai,Warbler,
Zekou,Linden,
Roissy Charles-de-Gaulle,3rd,95974 CEDEX 2
Strawczyn,Rockefeller,26-067
Felgueiras,Mayer,4610-104
Guangli,Forster,
Des Moines,Meadow Valley,50369
Sannikovo,Buhler,658059
Urek-urek,Veith,
Neyrīz,Holy Cross,
Madīnat ash Shamal,Northwestern,
Vinnytsya,Hollow Ridge,
Mintian,Northfield,
Ngala,Little Fleur,
Saraza,Forest Run,2804
Tolstoy-Yurt,Mallard,366013
Klaster,Sommers,582 83
Bailiang,Mallard,
Ardabīl,Kenwood,
Dzialdowo,Mendota,13-210
Quebradas,Almo,2065-114
Shinkafe,Ryan,
Oklahoma City,Spohn,73119
Povarovo,Dakota,141540
Kahuripan,Victoria,
Petaling Jaya,Esker,46791
Verkhniy Dashkesan,Kim,
Valongo,Susan,5400-339
GoUvai,Reinke,
Mamburao,Sage,5106
Zhaoxian,Clove,
Stuttgart Stuttgart-Mitte,Bayside,70180
Washington,Rutledge,20436
Santa Cruz Mulua,Melvin,11006
Salavat,Granby,453259
Vila Ribeiro,Barnett,2835-795
Aya,Prentice,659635
Jarosov nad Nezarkou,Logan,378 41
Sunagawa,Golf Course,997-0415
Pedra,Waubesa,4980-782
North Shore,Gina,0748
Lidu,Golf View,
Almeria,Rockefeller,04070
Радишани,Pankratz,1011
Hekou,Straubel,
KwaMbonambi,Spaight,3915
Steinkjer,Montana,7737
Tibiri,Kennedy,
Ferdinandovac,Nova,48356
Sajia,Macpherson,
Wuxue Shi,Thierer,
Hostomice,Butterfield,417 52
Rokiciny,Clemons,97-221
Lau,Thompson,
Dali,Springs,
Chadian,Clyde Gallagher,
Yaopi,Heath,
Marinilla,Thackeray,054028
Koźle,Lakewood Gardens,47-280
Pagatan,Mayer,
Canillo,Bayside,AD100
Maddarulug Norte,South,3501
Bulongji,Bayside,
Orekhovo-Borisovo Severnoye,Oneill,142717
Peterhof,Mayer,198804
Garupa,Talmadge,3304
Buenavista,Scoville,81806
Nowosielce,Iowa,38-533
Banjarejo,Porter,
Ballinroad,Northland,D07
Burnham,Kensington,7600
Betong,Melody,
Iguape,Vidon,11920-000
zizelice,Lerdahl,438 01
Tostado,Loomis,4242
Batudulang,Waubesa,
Greensboro,Hudson,27499
Villa Serrano,Thackeray,
Penja,Petterle,
Cambanugoy,Mifflin,8102
Sao Hai,Hazelcrest,18160
Musanze,Lunder,
Aromashevo,Trailsway,412285
Modot,Alpine,
Gostivar,Anhalt,1230
Radnice,Leroy,789 85
Kwangmyŏng,Lawn,
Las Palmas,Burning Wood,
Velke Svatoňovice,Tomscot,542 35
Bekasi,Reinke,
Pakkat,Utah,
Orlovskiy,Scoville,347513
Lennec,Cody,1117
Safotulafai,Bluestem,
Tromsø,Commercial,9037
Gokwe,Commercial,
Langtad,Hooker,4022
Pak Chong,Maple Wood,30130
Markaryd,Armistice,285 35
Urrô,Montana,4560-832
Cinyawar,Village,
Chakwal,Pankratz,24421
Bom Despacho,Aberg,35600-000
Keleng,Mockingbird,
Wuyang,Sloan,
Wuquan,Mccormick,
Undurkhaan,Almo,
Lapu-Lapu City,Norway Maple,6015
Goim,Memorial,3700-871
San Javier,Dayton,5875
Kukawa,Del Sol,
Borūjerd,Farragut,
Lysogorskaya,Eagan,357838
Zhangbei,Burning Wood,
Zibreira,Duke,2350-833
Kabor,Southridge,
Pesagen,Delladonna,
Hongtu,Nancy,
